departamento,ano,semana,casos_dengue,fecha
LA LIBERTAD,2018,1,1,2018-01-01
LA LIBERTAD,2018,2,0,2018-01-08
LA LIBERTAD,2018,3,0,2018-01-15
LA LIBERTAD,2018,4,0,2018-01-22
LA LIBERTAD,2018,5,0,2018-01-29
LA LIBERTAD,2018,6,0,2018-02-05
LA LIBERTAD,2018,7,1,2018-02-12
LA LIBERTAD,2018,8,1,2018-02-19
LA LIBERTAD,2018,9,0,2018-02-26
LA LIBERTAD,2018,10,0,2018-03-05
LA LIBERTAD,2018,11,0,2018-03-12
LA LIBERTAD,2018,12,0,2018-03-19
LA LIBERTAD,2018,13,0,2018-03-26
LA LIBERTAD,2018,14,0,2018-04-02
LA LIBERTAD,2018,15,0,2018-04-09
LA LIBERTAD,2018,16,0,2018-04-16
LA LIBERTAD,2018,17,0,2018-04-23
LA LIBERTAD,2018,18,0,2018-04-30
LA LIBERTAD,2018,19,0,2018-05-07
LA LIBERTAD,2018,20,0,2018-05-14
LA LIBERTAD,2018,21,0,2018-05-21
LA LIBERTAD,2018,22,0,2018-05-28
LA LIBERTAD,2018,23,0,2018-06-04
LA LIBERTAD,2018,24,0,2018-06-11
LA LIBERTAD,2018,25,0,2018-06-18
LA LIBERTAD,2018,26,0,2018-06-25
LA LIBERTAD,2018,27,0,2018-07-02
LA LIBERTAD,2018,28,0,2018-07-09
LA LIBERTAD,2018,29,0,2018-07-16
LA LIBERTAD,2018,30,0,2018-07-23
LA LIBERTAD,2018,31,0,2018-07-30
LA LIBERTAD,2018,32,0,2018-08-06
LA LIBERTAD,2018,33,0,2018-08-13
LA LIBERTAD,2018,34,0,2018-08-20
LA LIBERTAD,2018,35,0,2018-08-27
LA LIBERTAD,2018,36,0,2018-09-03
LA LIBERTAD,2018,37,0,2018-09-10
LA LIBERTAD,2018,38,0,2018-09-17
LA LIBERTAD,2018,39,0,2018-09-24
LA LIBERTAD,2018,40,0,2018-10-01
LA LIBERTAD,2018,41,0,2018-10-08
LA LIBERTAD,2018,42,0,2018-10-15
LA LIBERTAD,2018,43,0,2018-10-22
LA LIBERTAD,2018,44,0,2018-10-29
LA LIBERTAD,2018,45,0,2018-11-05
LA LIBERTAD,2018,46,0,2018-11-12
LA LIBERTAD,2018,47,0,2018-11-19
LA LIBERTAD,2018,48,0,2018-11-26
LA LIBERTAD,2018,49,0,2018-12-03
LA LIBERTAD,2018,50,0,2018-12-10
LA LIBERTAD,2018,51,0,2018-12-17
LA LIBERTAD,2018,52,0,2018-12-24
LA LIBERTAD,2019,1,0,2019-01-07
LA LIBERTAD,2019,2,9,2019-01-14
LA LIBERTAD,2019,3,10,2019-01-21
LA LIBERTAD,2019,4,4,2019-01-28
LA LIBERTAD,2019,5,18,2019-02-04
LA LIBERTAD,2019,6,6,2019-02-11
LA LIBERTAD,2019,7,9,2019-02-18
LA LIBERTAD,2019,8,9,2019-02-25
LA LIBERTAD,2019,9,6,2019-03-04
LA LIBERTAD,2019,10,8,2019-03-11
LA LIBERTAD,2019,11,14,2019-03-18
LA LIBERTAD,2019,12,15,2019-03-25
LA LIBERTAD,2019,13,36,2019-04-01
LA LIBERTAD,2019,14,33,2019-04-08
LA LIBERTAD,2019,15,11,2019-04-15
LA LIBERTAD,2019,16,20,2019-04-22
LA LIBERTAD,2019,17,18,2019-04-29
LA LIBERTAD,2019,18,13,2019-05-06
LA LIBERTAD,2019,19,22,2019-05-13
LA LIBERTAD,2019,20,16,2019-05-20
LA LIBERTAD,2019,21,13,2019-05-27
LA LIBERTAD,2019,22,13,2019-06-03
LA LIBERTAD,2019,23,12,2019-06-10
LA LIBERTAD,2019,24,10,2019-06-17
LA LIBERTAD,2019,25,6,2019-06-24
LA LIBERTAD,2019,26,5,2019-07-01
LA LIBERTAD,2019,27,5,2019-07-08
LA LIBERTAD,2019,28,1,2019-07-15
LA LIBERTAD,2019,29,3,2019-07-22
LA LIBERTAD,2019,30,6,2019-07-29
LA LIBERTAD,2019,31,3,2019-08-05
LA LIBERTAD,2019,32,0,2019-08-12
LA LIBERTAD,2019,33,0,2019-08-19
LA LIBERTAD,2019,34,1,2019-08-26
LA LIBERTAD,2019,35,1,2019-09-02
LA LIBERTAD,2019,36,1,2019-09-09
LA LIBERTAD,2019,37,0,2019-09-16
LA LIBERTAD,2019,38,0,2019-09-23
LA LIBERTAD,2019,39,0,2019-09-30
LA LIBERTAD,2019,40,1,2019-10-07
LA LIBERTAD,2019,41,1,2019-10-14
LA LIBERTAD,2019,42,0,2019-10-21
LA LIBERTAD,2019,43,0,2019-10-28
LA LIBERTAD,2019,44,0,2019-11-04
LA LIBERTAD,2019,45,1,2019-11-11
LA LIBERTAD,2019,46,0,2019-11-18
LA LIBERTAD,2019,47,1,2019-11-25
LA LIBERTAD,2019,48,1,2019-12-02
LA LIBERTAD,2019,49,0,2019-12-09
LA LIBERTAD,2019,50,2,2019-12-16
LA LIBERTAD,2019,51,0,2019-12-23
LA LIBERTAD,2019,52,2,2019-12-30
LA LIBERTAD,2020,1,0,2020-01-06
LA LIBERTAD,2020,2,1,2020-01-13
LA LIBERTAD,2020,3,1,2020-01-20
LA LIBERTAD,2020,4,12,2020-01-27
LA LIBERTAD,2020,5,16,2020-02-03
LA LIBERTAD,2020,6,9,2020-02-10
LA LIBERTAD,2020,7,4,2020-02-17
LA LIBERTAD,2020,8,3,2020-02-24
LA LIBERTAD,2020,9,7,2020-03-02
LA LIBERTAD,2020,10,14,2020-03-09
LA LIBERTAD,2020,11,11,2020-03-16
LA LIBERTAD,2020,12,18,2020-03-23
LA LIBERTAD,2020,13,21,2020-03-30
LA LIBERTAD,2020,14,27,2020-04-06
LA LIBERTAD,2020,15,19,2020-04-13
LA LIBERTAD,2020,16,40,2020-04-20
LA LIBERTAD,2020,17,49,2020-04-27
LA LIBERTAD,2020,18,37,2020-05-04
LA LIBERTAD,2020,19,38,2020-05-11
LA LIBERTAD,2020,20,17,2020-05-18
LA LIBERTAD,2020,21,19,2020-05-25
LA LIBERTAD,2020,22,8,2020-06-01
LA LIBERTAD,2020,23,4,2020-06-08
LA LIBERTAD,2020,24,5,2020-06-15
LA LIBERTAD,2020,25,0,2020-06-22
LA LIBERTAD,2020,26,0,2020-06-29
LA LIBERTAD,2020,27,1,2020-07-06
LA LIBERTAD,2020,28,1,2020-07-13
LA LIBERTAD,2020,29,1,2020-07-20
LA LIBERTAD,2020,30,0,2020-07-27
LA LIBERTAD,2020,31,1,2020-08-03
LA LIBERTAD,2020,32,0,2020-08-10
LA LIBERTAD,2020,33,0,2020-08-17
LA LIBERTAD,2020,34,1,2020-08-24
LA LIBERTAD,2020,35,1,2020-08-31
LA LIBERTAD,2020,36,0,2020-09-07
LA LIBERTAD,2020,37,0,2020-09-14
LA LIBERTAD,2020,38,0,2020-09-21
LA LIBERTAD,2020,39,0,2020-09-28
LA LIBERTAD,2020,40,0,2020-10-05
LA LIBERTAD,2020,41,0,2020-10-12
LA LIBERTAD,2020,42,0,2020-10-19
LA LIBERTAD,2020,43,0,2020-10-26
LA LIBERTAD,2020,44,1,2020-11-02
LA LIBERTAD,2020,45,0,2020-11-09
LA LIBERTAD,2020,46,1,2020-11-16
LA LIBERTAD,2020,47,0,2020-11-23
LA LIBERTAD,2020,48,0,2020-11-30
LA LIBERTAD,2020,49,0,2020-12-07
LA LIBERTAD,2020,50,0,2020-12-14
LA LIBERTAD,2020,51,0,2020-12-21
LA LIBERTAD,2020,52,0,2020-12-28
LA LIBERTAD,2021,1,0,2021-01-04
LA LIBERTAD,2021,2,0,2021-01-11
LA LIBERTAD,2021,3,0,2021-01-18
LA LIBERTAD,2021,4,0,2021-01-25
LA LIBERTAD,2021,5,1,2021-02-01
LA LIBERTAD,2021,6,0,2021-02-08
LA LIBERTAD,2021,7,0,2021-02-15
LA LIBERTAD,2021,8,0,2021-02-22
LA LIBERTAD,2021,9,5,2021-03-01
LA LIBERTAD,2021,10,44,2021-03-08
LA LIBERTAD,2021,11,25,2021-03-15
LA LIBERTAD,2021,12,10,2021-03-22
LA LIBERTAD,2021,13,12,2021-03-29
LA LIBERTAD,2021,14,14,2021-04-05
LA LIBERTAD,2021,15,11,2021-04-12
LA LIBERTAD,2021,16,11,2021-04-19
LA LIBERTAD,2021,17,8,2021-04-26
LA LIBERTAD,2021,18,4,2021-05-03
LA LIBERTAD,2021,19,7,2021-05-10
LA LIBERTAD,2021,20,7,2021-05-17
LA LIBERTAD,2021,21,20,2021-05-24
LA LIBERTAD,2021,22,30,2021-05-31
LA LIBERTAD,2021,23,25,2021-06-07
LA LIBERTAD,2021,24,9,2021-06-14
LA LIBERTAD,2021,25,6,2021-06-21
LA LIBERTAD,2021,26,1,2021-06-28
LA LIBERTAD,2021,27,1,2021-07-05
LA LIBERTAD,2021,28,1,2021-07-12
LA LIBERTAD,2021,29,1,2021-07-19
LA LIBERTAD,2021,30,0,2021-07-26
LA LIBERTAD,2021,31,1,2021-08-02
LA LIBERTAD,2021,32,1,2021-08-09
LA LIBERTAD,2021,33,3,2021-08-16
LA LIBERTAD,2021,34,2,2021-08-23
LA LIBERTAD,2021,35,0,2021-08-30
LA LIBERTAD,2021,36,0,2021-09-06
LA LIBERTAD,2021,37,0,2021-09-13
LA LIBERTAD,2021,38,0,2021-09-20
LA LIBERTAD,2021,39,2,2021-09-27
LA LIBERTAD,2021,40,0,2021-10-04
LA LIBERTAD,2021,41,0,2021-10-11
LA LIBERTAD,2021,42,0,2021-10-18
LA LIBERTAD,2021,43,0,2021-10-25
LA LIBERTAD,2021,44,0,2021-11-01
LA LIBERTAD,2021,45,0,2021-11-08
LA LIBERTAD,2021,46,0,2021-11-15
LA LIBERTAD,2021,47,0,2021-11-22
LA LIBERTAD,2021,48,0,2021-11-29
LA LIBERTAD,2021,49,0,2021-12-06
LA LIBERTAD,2021,50,0,2021-12-13
LA LIBERTAD,2021,51,0,2021-12-20
LA LIBERTAD,2021,52,0,2021-12-27
LA LIBERTAD,2022,1,0,2022-01-03
LA LIBERTAD,2022,2,0,2022-01-10
LA LIBERTAD,2022,3,0,2022-01-17
LA LIBERTAD,2022,4,0,2022-01-24
LA LIBERTAD,2022,5,0,2022-01-31
LA LIBERTAD,2022,6,0,2022-02-07
LA LIBERTAD,2022,7,0,2022-02-14
LA LIBERTAD,2022,8,0,2022-02-21
LA LIBERTAD,2022,9,0,2022-02-28
LA LIBERTAD,2022,10,2,2022-03-07
LA LIBERTAD,2022,11,4,2022-03-14
LA LIBERTAD,2022,12,4,2022-03-21
LA LIBERTAD,2022,13,4,2022-03-28
LA LIBERTAD,2022,14,6,2022-04-04
LA LIBERTAD,2022,15,4,2022-04-11
LA LIBERTAD,2022,16,18,2022-04-18
LA LIBERTAD,2022,17,23,2022-04-25
LA LIBERTAD,2022,18,31,2022-05-02
LA LIBERTAD,2022,19,17,2022-05-09
LA LIBERTAD,2022,20,4,2022-05-16
LA LIBERTAD,2022,21,9,2022-05-23
LA LIBERTAD,2022,22,10,2022-05-30
LA LIBERTAD,2022,23,11,2022-06-06
LA LIBERTAD,2022,24,1,2022-06-13
LA LIBERTAD,2022,25,2,2022-06-20
LA LIBERTAD,2022,26,0,2022-06-27
LA LIBERTAD,2022,27,2,2022-07-04
LA LIBERTAD,2022,28,0,2022-07-11
LA LIBERTAD,2022,29,0,2022-07-18
LA LIBERTAD,2022,30,0,2022-07-25
LA LIBERTAD,2022,31,0,2022-08-01
LA LIBERTAD,2022,32,0,2022-08-08
LA LIBERTAD,2022,33,4,2022-08-15
LA LIBERTAD,2022,34,1,2022-08-22
LA LIBERTAD,2022,35,0,2022-08-29
LA LIBERTAD,2022,36,1,2022-09-05
LA LIBERTAD,2022,37,0,2022-09-12
LA LIBERTAD,2022,38,0,2022-09-19
LA LIBERTAD,2022,39,1,2022-09-26
LA LIBERTAD,2022,40,0,2022-10-03
LA LIBERTAD,2022,41,0,2022-10-10
LA LIBERTAD,2022,42,0,2022-10-17
LA LIBERTAD,2022,43,0,2022-10-24
LA LIBERTAD,2022,44,0,2022-10-31
LA LIBERTAD,2022,45,0,2022-11-07
LA LIBERTAD,2022,46,0,2022-11-14
LA LIBERTAD,2022,47,0,2022-11-21
LA LIBERTAD,2022,48,0,2022-11-28
LA LIBERTAD,2022,49,0,2022-12-05
LA LIBERTAD,2022,50,1,2022-12-12
LA LIBERTAD,2022,51,1,2022-12-19
LA LIBERTAD,2022,52,1,2022-12-26
LA LIBERTAD,2023,1,1,2023-01-02
LA LIBERTAD,2023,2,1,2023-01-09
LA LIBERTAD,2023,3,0,2023-01-16
LA LIBERTAD,2023,4,2,2023-01-23
LA LIBERTAD,2023,5,1,2023-01-30
LA LIBERTAD,2023,6,1,2023-02-06
LA LIBERTAD,2023,7,6,2023-02-13
LA LIBERTAD,2023,8,26,2023-02-20
LA LIBERTAD,2023,9,46,2023-02-27
LA LIBERTAD,2023,10,46,2023-03-06
LA LIBERTAD,2023,11,56,2023-03-13
LA LIBERTAD,2023,12,82,2023-03-20
LA LIBERTAD,2023,13,89,2023-03-27
LA LIBERTAD,2023,14,117,2023-04-03
LA LIBERTAD,2023,15,177,2023-04-10
LA LIBERTAD,2023,16,323,2023-04-17
LA LIBERTAD,2023,17,575,2023-04-24
LA LIBERTAD,2023,18,827,2023-05-01
LA LIBERTAD,2023,19,971,2023-05-08
LA LIBERTAD,2023,20,1322,2023-05-15
LA LIBERTAD,2023,21,1377,2023-05-22
LA LIBERTAD,2023,22,1311,2023-05-29
LA LIBERTAD,2023,23,1601,2023-06-05
LA LIBERTAD,2023,24,1622,2023-06-12
LA LIBERTAD,2023,25,1142,2023-06-19
LA LIBERTAD,2023,26,1274,2023-06-26
LA LIBERTAD,2023,27,1272,2023-07-03
LA LIBERTAD,2023,28,1422,2023-07-10
LA LIBERTAD,2023,29,1273,2023-07-17
LA LIBERTAD,2023,30,982,2023-07-24
LA LIBERTAD,2023,31,1132,2023-07-31
LA LIBERTAD,2023,32,979,2023-08-07
LA LIBERTAD,2023,33,737,2023-08-14
LA LIBERTAD,2023,34,613,2023-08-21
LA LIBERTAD,2023,35,497,2023-08-28
LA LIBERTAD,2023,36,473,2023-09-04
LA LIBERTAD,2023,37,407,2023-09-11
LA LIBERTAD,2023,38,374,2023-09-18
LA LIBERTAD,2023,39,348,2023-09-25
LA LIBERTAD,2023,40,331,2023-10-02
LA LIBERTAD,2023,41,286,2023-10-09
LA LIBERTAD,2023,42,304,2023-10-16
LA LIBERTAD,2023,43,260,2023-10-23
LA LIBERTAD,2023,44,257,2023-10-30
LA LIBERTAD,2023,45,262,2023-11-06
LA LIBERTAD,2023,46,212,2023-11-13
LA LIBERTAD,2023,47,214,2023-11-20
LA LIBERTAD,2023,48,221,2023-11-27
LA LIBERTAD,2023,49,173,2023-12-04
LA LIBERTAD,2023,50,159,2023-12-11
LA LIBERTAD,2023,51,153,2023-12-18
LA LIBERTAD,2023,52,165,2023-12-25
LIMA,2018,1,0,2018-01-01
LIMA,2018,2,0,2018-01-08
LIMA,2018,3,1,2018-01-15
LIMA,2018,4,0,2018-01-22
LIMA,2018,5,0,2018-01-29
LIMA,2018,6,0,2018-02-05
LIMA,2018,7,0,2018-02-12
LIMA,2018,8,0,2018-02-19
LIMA,2018,9,0,2018-02-26
LIMA,2018,10,0,2018-03-05
LIMA,2018,11,0,2018-03-12
LIMA,2018,12,0,2018-03-19
LIMA,2018,13,0,2018-03-26
LIMA,2018,14,0,2018-04-02
LIMA,2018,15,0,2018-04-09
LIMA,2018,16,0,2018-04-16
LIMA,2018,17,0,2018-04-23
LIMA,2018,18,3,2018-04-30
LIMA,2018,19,5,2018-05-07
LIMA,2018,20,1,2018-05-14
LIMA,2018,21,0,2018-05-21
LIMA,2018,22,0,2018-05-28
LIMA,2018,23,0,2018-06-04
LIMA,2018,24,0,2018-06-11
LIMA,2018,25,0,2018-06-18
LIMA,2018,26,0,2018-06-25
LIMA,2018,27,0,2018-07-02
LIMA,2018,28,0,2018-07-09
LIMA,2018,29,0,2018-07-16
LIMA,2018,30,0,2018-07-23
LIMA,2018,31,0,2018-07-30
LIMA,2018,32,0,2018-08-06
LIMA,2018,33,0,2018-08-13
LIMA,2018,34,0,2018-08-20
LIMA,2018,35,0,2018-08-27
LIMA,2018,36,0,2018-09-03
LIMA,2018,37,0,2018-09-10
LIMA,2018,38,0,2018-09-17
LIMA,2018,39,0,2018-09-24
LIMA,2018,40,0,2018-10-01
LIMA,2018,41,0,2018-10-08
LIMA,2018,42,0,2018-10-15
LIMA,2018,43,0,2018-10-22
LIMA,2018,44,0,2018-10-29
LIMA,2018,45,0,2018-11-05
LIMA,2018,46,0,2018-11-12
LIMA,2018,47,0,2018-11-19
LIMA,2018,48,1,2018-11-26
LIMA,2018,49,0,2018-12-03
LIMA,2018,50,0,2018-12-10
LIMA,2018,51,0,2018-12-17
LIMA,2018,52,0,2018-12-24
LIMA,2019,1,0,2019-01-07
LIMA,2019,2,0,2019-01-14
LIMA,2019,3,0,2019-01-21
LIMA,2019,4,1,2019-01-28
LIMA,2019,5,1,2019-02-04
LIMA,2019,6,1,2019-02-11
LIMA,2019,7,8,2019-02-18
LIMA,2019,8,6,2019-02-25
LIMA,2019,9,8,2019-03-04
LIMA,2019,10,12,2019-03-11
LIMA,2019,11,1,2019-03-18
LIMA,2019,12,4,2019-03-25
LIMA,2019,13,0,2019-04-01
LIMA,2019,14,0,2019-04-08
LIMA,2019,15,0,2019-04-15
LIMA,2019,16,0,2019-04-22
LIMA,2019,17,2,2019-04-29
LIMA,2019,18,1,2019-05-06
LIMA,2019,19,0,2019-05-13
LIMA,2019,20,0,2019-05-20
LIMA,2019,21,0,2019-05-27
LIMA,2019,22,0,2019-06-03
LIMA,2019,23,0,2019-06-10
LIMA,2019,24,0,2019-06-17
LIMA,2019,25,0,2019-06-24
LIMA,2019,26,0,2019-07-01
LIMA,2019,27,0,2019-07-08
LIMA,2019,28,0,2019-07-15
LIMA,2019,29,0,2019-07-22
LIMA,2019,30,0,2019-07-29
LIMA,2019,31,0,2019-08-05
LIMA,2019,32,0,2019-08-12
LIMA,2019,33,0,2019-08-19
LIMA,2019,34,0,2019-08-26
LIMA,2019,35,0,2019-09-02
LIMA,2019,36,0,2019-09-09
LIMA,2019,37,0,2019-09-16
LIMA,2019,38,0,2019-09-23
LIMA,2019,39,0,2019-09-30
LIMA,2019,40,0,2019-10-07
LIMA,2019,41,0,2019-10-14
LIMA,2019,42,0,2019-10-21
LIMA,2019,43,0,2019-10-28
LIMA,2019,44,0,2019-11-04
LIMA,2019,45,0,2019-11-11
LIMA,2019,46,0,2019-11-18
LIMA,2019,47,0,2019-11-25
LIMA,2019,48,0,2019-12-02
LIMA,2019,49,0,2019-12-09
LIMA,2019,50,0,2019-12-16
LIMA,2019,51,0,2019-12-23
LIMA,2019,52,1,2019-12-30
LIMA,2020,1,0,2020-01-06
LIMA,2020,2,0,2020-01-13
LIMA,2020,3,0,2020-01-20
LIMA,2020,4,0,2020-01-27
LIMA,2020,5,2,2020-02-03
LIMA,2020,6,1,2020-02-10
LIMA,2020,7,1,2020-02-17
LIMA,2020,8,6,2020-02-24
LIMA,2020,9,2,2020-03-02
LIMA,2020,10,2,2020-03-09
LIMA,2020,11,4,2020-03-16
LIMA,2020,12,6,2020-03-23
LIMA,2020,13,18,2020-03-30
LIMA,2020,14,10,2020-04-06
LIMA,2020,15,25,2020-04-13
LIMA,2020,16,42,2020-04-20
LIMA,2020,17,47,2020-04-27
LIMA,2020,18,55,2020-05-04
LIMA,2020,19,32,2020-05-11
LIMA,2020,20,36,2020-05-18
LIMA,2020,21,20,2020-05-25
LIMA,2020,22,7,2020-06-01
LIMA,2020,23,7,2020-06-08
LIMA,2020,24,9,2020-06-15
LIMA,2020,25,3,2020-06-22
LIMA,2020,26,0,2020-06-29
LIMA,2020,27,0,2020-07-06
LIMA,2020,28,1,2020-07-13
LIMA,2020,29,1,2020-07-20
LIMA,2020,30,0,2020-07-27
LIMA,2020,31,0,2020-08-03
LIMA,2020,32,1,2020-08-10
LIMA,2020,33,0,2020-08-17
LIMA,2020,34,2,2020-08-24
LIMA,2020,35,0,2020-08-31
LIMA,2020,36,0,2020-09-07
LIMA,2020,37,0,2020-09-14
LIMA,2020,38,0,2020-09-21
LIMA,2020,39,1,2020-09-28
LIMA,2020,40,0,2020-10-05
LIMA,2020,41,1,2020-10-12
LIMA,2020,42,0,2020-10-19
LIMA,2020,43,0,2020-10-26
LIMA,2020,44,0,2020-11-02
LIMA,2020,45,2,2020-11-09
LIMA,2020,46,2,2020-11-16
LIMA,2020,47,2,2020-11-23
LIMA,2020,48,0,2020-11-30
LIMA,2020,49,0,2020-12-07
LIMA,2020,50,0,2020-12-14
LIMA,2020,51,1,2020-12-21
LIMA,2020,52,0,2020-12-28
LIMA,2021,1,0,2021-01-04
LIMA,2021,2,0,2021-01-11
LIMA,2021,3,0,2021-01-18
LIMA,2021,4,1,2021-01-25
LIMA,2021,5,0,2021-02-01
LIMA,2021,6,2,2021-02-08
LIMA,2021,7,2,2021-02-15
LIMA,2021,8,2,2021-02-22
LIMA,2021,9,2,2021-03-01
LIMA,2021,10,30,2021-03-08
LIMA,2021,11,93,2021-03-15
LIMA,2021,12,109,2021-03-22
LIMA,2021,13,111,2021-03-29
LIMA,2021,14,130,2021-04-05
LIMA,2021,15,152,2021-04-12
LIMA,2021,16,147,2021-04-19
LIMA,2021,17,93,2021-04-26
LIMA,2021,18,76,2021-05-03
LIMA,2021,19,69,2021-05-10
LIMA,2021,20,65,2021-05-17
LIMA,2021,21,38,2021-05-24
LIMA,2021,22,28,2021-05-31
LIMA,2021,23,11,2021-06-07
LIMA,2021,24,7,2021-06-14
LIMA,2021,25,4,2021-06-21
LIMA,2021,26,2,2021-06-28
LIMA,2021,27,4,2021-07-05
LIMA,2021,28,0,2021-07-12
LIMA,2021,29,1,2021-07-19
LIMA,2021,30,1,2021-07-26
LIMA,2021,31,0,2021-08-02
LIMA,2021,32,3,2021-08-09
LIMA,2021,33,0,2021-08-16
LIMA,2021,34,0,2021-08-23
LIMA,2021,35,0,2021-08-30
LIMA,2021,36,0,2021-09-06
LIMA,2021,37,0,2021-09-13
LIMA,2021,38,1,2021-09-20
LIMA,2021,39,0,2021-09-27
LIMA,2021,40,1,2021-10-04
LIMA,2021,41,0,2021-10-11
LIMA,2021,42,0,2021-10-18
LIMA,2021,43,0,2021-10-25
LIMA,2021,44,0,2021-11-01
LIMA,2021,45,0,2021-11-08
LIMA,2021,46,0,2021-11-15
LIMA,2021,47,1,2021-11-22
LIMA,2021,48,2,2021-11-29
LIMA,2021,49,0,2021-12-06
LIMA,2021,50,0,2021-12-13
LIMA,2021,51,0,2021-12-20
LIMA,2021,52,2,2021-12-27
LIMA,2022,1,2,2022-01-03
LIMA,2022,2,0,2022-01-10
LIMA,2022,3,2,2022-01-17
LIMA,2022,4,1,2022-01-24
LIMA,2022,5,1,2022-01-31
LIMA,2022,6,2,2022-02-07
LIMA,2022,7,4,2022-02-14
LIMA,2022,8,7,2022-02-21
LIMA,2022,9,9,2022-02-28
LIMA,2022,10,12,2022-03-07
LIMA,2022,11,40,2022-03-14
LIMA,2022,12,63,2022-03-21
LIMA,2022,13,81,2022-03-28
LIMA,2022,14,90,2022-04-04
LIMA,2022,15,78,2022-04-11
LIMA,2022,16,101,2022-04-18
LIMA,2022,17,99,2022-04-25
LIMA,2022,18,95,2022-05-02
LIMA,2022,19,88,2022-05-09
LIMA,2022,20,64,2022-05-16
LIMA,2022,21,39,2022-05-23
LIMA,2022,22,16,2022-05-30
LIMA,2022,23,16,2022-06-06
LIMA,2022,24,5,2022-06-13
LIMA,2022,25,4,2022-06-20
LIMA,2022,26,1,2022-06-27
LIMA,2022,27,3,2022-07-04
LIMA,2022,28,1,2022-07-11
LIMA,2022,29,3,2022-07-18
LIMA,2022,30,1,2022-07-25
LIMA,2022,31,1,2022-08-01
LIMA,2022,32,0,2022-08-08
LIMA,2022,33,2,2022-08-15
LIMA,2022,34,0,2022-08-22
LIMA,2022,35,0,2022-08-29
LIMA,2022,36,0,2022-09-05
LIMA,2022,37,1,2022-09-12
LIMA,2022,38,0,2022-09-19
LIMA,2022,39,0,2022-09-26
LIMA,2022,40,0,2022-10-03
LIMA,2022,41,2,2022-10-10
LIMA,2022,42,0,2022-10-17
LIMA,2022,43,0,2022-10-24
LIMA,2022,44,1,2022-10-31
LIMA,2022,45,1,2022-11-07
LIMA,2022,46,0,2022-11-14
LIMA,2022,47,0,2022-11-21
LIMA,2022,48,1,2022-11-28
LIMA,2022,49,1,2022-12-05
LIMA,2022,50,0,2022-12-12
LIMA,2022,51,0,2022-12-19
LIMA,2022,52,0,2022-12-26
LIMA,2023,1,1,2023-01-02
LIMA,2023,2,0,2023-01-09
LIMA,2023,3,1,2023-01-16
LIMA,2023,4,3,2023-01-23
LIMA,2023,5,3,2023-01-30
LIMA,2023,6,7,2023-02-06
LIMA,2023,7,8,2023-02-13
LIMA,2023,8,20,2023-02-20
LIMA,2023,9,15,2023-02-27
LIMA,2023,10,22,2023-03-06
LIMA,2023,11,69,2023-03-13
LIMA,2023,12,154,2023-03-20
LIMA,2023,13,218,2023-03-27
LIMA,2023,14,363,2023-04-03
LIMA,2023,15,819,2023-04-10
LIMA,2023,16,1400,2023-04-17
LIMA,2023,17,1660,2023-04-24
LIMA,2023,18,2672,2023-05-01
LIMA,2023,19,2986,2023-05-08
LIMA,2023,20,3364,2023-05-15
LIMA,2023,21,3062,2023-05-22
LIMA,2023,22,2822,2023-05-29
LIMA,2023,23,2240,2023-06-05
LIMA,2023,24,1888,2023-06-12
LIMA,2023,25,1562,2023-06-19
LIMA,2023,26,1026,2023-06-26
LIMA,2023,27,862,2023-07-03
LIMA,2023,28,739,2023-07-10
LIMA,2023,29,499,2023-07-17
LIMA,2023,30,350,2023-07-24
LIMA,2023,31,291,2023-07-31
LIMA,2023,32,291,2023-08-07
LIMA,2023,33,229,2023-08-14
LIMA,2023,34,177,2023-08-21
LIMA,2023,35,148,2023-08-28
LIMA,2023,36,136,2023-09-04
LIMA,2023,37,87,2023-09-11
LIMA,2023,38,58,2023-09-18
LIMA,2023,39,66,2023-09-25
LIMA,2023,40,48,2023-10-02
LIMA,2023,41,56,2023-10-09
LIMA,2023,42,41,2023-10-16
LIMA,2023,43,37,2023-10-23
LIMA,2023,44,28,2023-10-30
LIMA,2023,45,25,2023-11-06
LIMA,2023,46,31,2023-11-13
LIMA,2023,47,32,2023-11-20
LIMA,2023,48,16,2023-11-27
LIMA,2023,49,24,2023-12-04
LIMA,2023,50,24,2023-12-11
LIMA,2023,51,34,2023-12-18
LIMA,2023,52,21,2023-12-25
LORETO,2018,1,38,2018-01-01
LORETO,2018,2,29,2018-01-08
LORETO,2018,3,36,2018-01-15
LORETO,2018,4,32,2018-01-22
LORETO,2018,5,41,2018-01-29
LORETO,2018,6,45,2018-02-05
LORETO,2018,7,37,2018-02-12
LORETO,2018,8,39,2018-02-19
LORETO,2018,9,32,2018-02-26
LORETO,2018,10,41,2018-03-05
LORETO,2018,11,35,2018-03-12
LORETO,2018,12,33,2018-03-19
LORETO,2018,13,33,2018-03-26
LORETO,2018,14,33,2018-04-02
LORETO,2018,15,39,2018-04-09
LORETO,2018,16,37,2018-04-16
LORETO,2018,17,42,2018-04-23
LORETO,2018,18,57,2018-04-30
LORETO,2018,19,48,2018-05-07
LORETO,2018,20,30,2018-05-14
LORETO,2018,21,25,2018-05-21
LORETO,2018,22,22,2018-05-28
LORETO,2018,23,27,2018-06-04
LORETO,2018,24,26,2018-06-11
LORETO,2018,25,19,2018-06-18
LORETO,2018,26,27,2018-06-25
LORETO,2018,27,15,2018-07-02
LORETO,2018,28,26,2018-07-09
LORETO,2018,29,14,2018-07-16
LORETO,2018,30,14,2018-07-23
LORETO,2018,31,13,2018-07-30
LORETO,2018,32,12,2018-08-06
LORETO,2018,33,8,2018-08-13
LORETO,2018,34,15,2018-08-20
LORETO,2018,35,12,2018-08-27
LORETO,2018,36,11,2018-09-03
LORETO,2018,37,10,2018-09-10
LORETO,2018,38,23,2018-09-17
LORETO,2018,39,41,2018-09-24
LORETO,2018,40,10,2018-10-01
LORETO,2018,41,22,2018-10-08
LORETO,2018,42,47,2018-10-15
LORETO,2018,43,50,2018-10-22
LORETO,2018,44,52,2018-10-29
LORETO,2018,45,45,2018-11-05
LORETO,2018,46,57,2018-11-12
LORETO,2018,47,52,2018-11-19
LORETO,2018,48,78,2018-11-26
LORETO,2018,49,64,2018-12-03
LORETO,2018,50,85,2018-12-10
LORETO,2018,51,64,2018-12-17
LORETO,2018,52,90,2018-12-24
LORETO,2019,1,151,2019-01-07
LORETO,2019,2,152,2019-01-14
LORETO,2019,3,135,2019-01-21
LORETO,2019,4,147,2019-01-28
LORETO,2019,5,106,2019-02-04
LORETO,2019,6,51,2019-02-11
LORETO,2019,7,35,2019-02-18
LORETO,2019,8,39,2019-02-25
LORETO,2019,9,43,2019-03-04
LORETO,2019,10,57,2019-03-11
LORETO,2019,11,64,2019-03-18
LORETO,2019,12,40,2019-03-25
LORETO,2019,13,78,2019-04-01
LORETO,2019,14,93,2019-04-08
LORETO,2019,15,65,2019-04-15
LORETO,2019,16,43,2019-04-22
LORETO,2019,17,35,2019-04-29
LORETO,2019,18,29,2019-05-06
LORETO,2019,19,17,2019-05-13
LORETO,2019,20,16,2019-05-20
LORETO,2019,21,21,2019-05-27
LORETO,2019,22,19,2019-06-03
LORETO,2019,23,14,2019-06-10
LORETO,2019,24,31,2019-06-17
LORETO,2019,25,16,2019-06-24
LORETO,2019,26,12,2019-07-01
LORETO,2019,27,7,2019-07-08
LORETO,2019,28,7,2019-07-15
LORETO,2019,29,7,2019-07-22
LORETO,2019,30,13,2019-07-29
LORETO,2019,31,34,2019-08-05
LORETO,2019,32,20,2019-08-12
LORETO,2019,33,9,2019-08-19
LORETO,2019,34,9,2019-08-26
LORETO,2019,35,5,2019-09-02
LORETO,2019,36,6,2019-09-09
LORETO,2019,37,1,2019-09-16
LORETO,2019,38,4,2019-09-23
LORETO,2019,39,9,2019-09-30
LORETO,2019,40,16,2019-10-07
LORETO,2019,41,18,2019-10-14
LORETO,2019,42,17,2019-10-21
LORETO,2019,43,21,2019-10-28
LORETO,2019,44,21,2019-11-04
LORETO,2019,45,32,2019-11-11
LORETO,2019,46,59,2019-11-18
LORETO,2019,47,89,2019-11-25
LORETO,2019,48,96,2019-12-02
LORETO,2019,49,119,2019-12-09
LORETO,2019,50,117,2019-12-16
LORETO,2019,51,137,2019-12-23
LORETO,2019,52,165,2019-12-30
LORETO,2020,1,183,2020-01-06
LORETO,2020,2,252,2020-01-13
LORETO,2020,3,331,2020-01-20
LORETO,2020,4,324,2020-01-27
LORETO,2020,5,342,2020-02-03
LORETO,2020,6,335,2020-02-10
LORETO,2020,7,297,2020-02-17
LORETO,2020,8,333,2020-02-24
LORETO,2020,9,306,2020-03-02
LORETO,2020,10,464,2020-03-09
LORETO,2020,11,237,2020-03-16
LORETO,2020,12,257,2020-03-23
LORETO,2020,13,151,2020-03-30
LORETO,2020,14,72,2020-04-06
LORETO,2020,15,48,2020-04-13
LORETO,2020,16,68,2020-04-20
LORETO,2020,17,51,2020-04-27
LORETO,2020,18,37,2020-05-04
LORETO,2020,19,15,2020-05-11
LORETO,2020,20,21,2020-05-18
LORETO,2020,21,22,2020-05-25
LORETO,2020,22,9,2020-06-01
LORETO,2020,23,16,2020-06-08
LORETO,2020,24,18,2020-06-15
LORETO,2020,25,20,2020-06-22
LORETO,2020,26,22,2020-06-29
LORETO,2020,27,25,2020-07-06
LORETO,2020,28,12,2020-07-13
LORETO,2020,29,32,2020-07-20
LORETO,2020,30,42,2020-07-27
LORETO,2020,31,49,2020-08-03
LORETO,2020,32,34,2020-08-10
LORETO,2020,33,42,2020-08-17
LORETO,2020,34,55,2020-08-24
LORETO,2020,35,55,2020-08-31
LORETO,2020,36,89,2020-09-07
LORETO,2020,37,114,2020-09-14
LORETO,2020,38,115,2020-09-21
LORETO,2020,39,144,2020-09-28
LORETO,2020,40,139,2020-10-05
LORETO,2020,41,180,2020-10-12
LORETO,2020,42,203,2020-10-19
LORETO,2020,43,190,2020-10-26
LORETO,2020,44,145,2020-11-02
LORETO,2020,45,230,2020-11-09
LORETO,2020,46,212,2020-11-16
LORETO,2020,47,203,2020-11-23
LORETO,2020,48,200,2020-11-30
LORETO,2020,49,233,2020-12-07
LORETO,2020,50,229,2020-12-14
LORETO,2020,51,168,2020-12-21
LORETO,2020,52,152,2020-12-28
LORETO,2021,1,442,2021-01-04
LORETO,2021,2,382,2021-01-11
LORETO,2021,3,320,2021-01-18
LORETO,2021,4,257,2021-01-25
LORETO,2021,5,127,2021-02-01
LORETO,2021,6,135,2021-02-08
LORETO,2021,7,92,2021-02-15
LORETO,2021,8,83,2021-02-22
LORETO,2021,9,70,2021-03-01
LORETO,2021,10,49,2021-03-08
LORETO,2021,11,50,2021-03-15
LORETO,2021,12,46,2021-03-22
LORETO,2021,13,29,2021-03-29
LORETO,2021,14,21,2021-04-05
LORETO,2021,15,43,2021-04-12
LORETO,2021,16,55,2021-04-19
LORETO,2021,17,49,2021-04-26
LORETO,2021,18,41,2021-05-03
LORETO,2021,19,59,2021-05-10
LORETO,2021,20,42,2021-05-17
LORETO,2021,21,56,2021-05-24
LORETO,2021,22,60,2021-05-31
LORETO,2021,23,54,2021-06-07
LORETO,2021,24,61,2021-06-14
LORETO,2021,25,40,2021-06-21
LORETO,2021,26,42,2021-06-28
LORETO,2021,27,33,2021-07-05
LORETO,2021,28,30,2021-07-12
LORETO,2021,29,32,2021-07-19
LORETO,2021,30,33,2021-07-26
LORETO,2021,31,29,2021-08-02
LORETO,2021,32,55,2021-08-09
LORETO,2021,33,62,2021-08-16
LORETO,2021,34,65,2021-08-23
LORETO,2021,35,78,2021-08-30
LORETO,2021,36,110,2021-09-06
LORETO,2021,37,151,2021-09-13
LORETO,2021,38,177,2021-09-20
LORETO,2021,39,206,2021-09-27
LORETO,2021,40,127,2021-10-04
LORETO,2021,41,120,2021-10-11
LORETO,2021,42,147,2021-10-18
LORETO,2021,43,94,2021-10-25
LORETO,2021,44,102,2021-11-01
LORETO,2021,45,111,2021-11-08
LORETO,2021,46,116,2021-11-15
LORETO,2021,47,112,2021-11-22
LORETO,2021,48,120,2021-11-29
LORETO,2021,49,85,2021-12-06
LORETO,2021,50,87,2021-12-13
LORETO,2021,51,59,2021-12-20
LORETO,2021,52,69,2021-12-27
LORETO,2022,1,76,2022-01-03
LORETO,2022,2,75,2022-01-10
LORETO,2022,3,55,2022-01-17
LORETO,2022,4,52,2022-01-24
LORETO,2022,5,108,2022-01-31
LORETO,2022,6,132,2022-02-07
LORETO,2022,7,189,2022-02-14
LORETO,2022,8,157,2022-02-21
LORETO,2022,9,160,2022-02-28
LORETO,2022,10,208,2022-03-07
LORETO,2022,11,258,2022-03-14
LORETO,2022,12,252,2022-03-21
LORETO,2022,13,307,2022-03-28
LORETO,2022,14,301,2022-04-04
LORETO,2022,15,335,2022-04-11
LORETO,2022,16,462,2022-04-18
LORETO,2022,17,294,2022-04-25
LORETO,2022,18,321,2022-05-02
LORETO,2022,19,270,2022-05-09
LORETO,2022,20,119,2022-05-16
LORETO,2022,21,84,2022-05-23
LORETO,2022,22,120,2022-05-30
LORETO,2022,23,97,2022-06-06
LORETO,2022,24,75,2022-06-13
LORETO,2022,25,96,2022-06-20
LORETO,2022,26,117,2022-06-27
LORETO,2022,27,113,2022-07-04
LORETO,2022,28,159,2022-07-11
LORETO,2022,29,141,2022-07-18
LORETO,2022,30,116,2022-07-25
LORETO,2022,31,124,2022-08-01
LORETO,2022,32,115,2022-08-08
LORETO,2022,33,98,2022-08-15
LORETO,2022,34,110,2022-08-22
LORETO,2022,35,120,2022-08-29
LORETO,2022,36,80,2022-09-05
LORETO,2022,37,87,2022-09-12
LORETO,2022,38,104,2022-09-19
LORETO,2022,39,94,2022-09-26
LORETO,2022,40,96,2022-10-03
LORETO,2022,41,105,2022-10-10
LORETO,2022,42,138,2022-10-17
LORETO,2022,43,152,2022-10-24
LORETO,2022,44,226,2022-10-31
LORETO,2022,45,319,2022-11-07
LORETO,2022,46,382,2022-11-14
LORETO,2022,47,341,2022-11-21
LORETO,2022,48,319,2022-11-28
LORETO,2022,49,186,2022-12-05
LORETO,2022,50,191,2022-12-12
LORETO,2022,51,145,2022-12-19
LORETO,2022,52,145,2022-12-26
LORETO,2023,1,230,2023-01-02
LORETO,2023,2,249,2023-01-09
LORETO,2023,3,320,2023-01-16
LORETO,2023,4,286,2023-01-23
LORETO,2023,5,352,2023-01-30
LORETO,2023,6,309,2023-02-06
LORETO,2023,7,276,2023-02-13
LORETO,2023,8,345,2023-02-20
LORETO,2023,9,297,2023-02-27
LORETO,2023,10,369,2023-03-06
LORETO,2023,11,347,2023-03-13
LORETO,2023,12,282,2023-03-20
LORETO,2023,13,258,2023-03-27
LORETO,2023,14,152,2023-04-03
LORETO,2023,15,233,2023-04-10
LORETO,2023,16,223,2023-04-17
LORETO,2023,17,114,2023-04-24
LORETO,2023,18,106,2023-05-01
LORETO,2023,19,118,2023-05-08
LORETO,2023,20,91,2023-05-15
LORETO,2023,21,120,2023-05-22
LORETO,2023,22,118,2023-05-29
LORETO,2023,23,93,2023-06-05
LORETO,2023,24,78,2023-06-12
LORETO,2023,25,56,2023-06-19
LORETO,2023,26,54,2023-06-26
LORETO,2023,27,57,2023-07-03
LORETO,2023,28,31,2023-07-10
LORETO,2023,29,27,2023-07-17
LORETO,2023,30,30,2023-07-24
LORETO,2023,31,14,2023-07-31
LORETO,2023,32,25,2023-08-07
LORETO,2023,33,26,2023-08-14
LORETO,2023,34,26,2023-08-21
LORETO,2023,35,33,2023-08-28
LORETO,2023,36,40,2023-09-04
LORETO,2023,37,21,2023-09-11
LORETO,2023,38,24,2023-09-18
LORETO,2023,39,29,2023-09-25
LORETO,2023,40,31,2023-10-02
LORETO,2023,41,39,2023-10-09
LORETO,2023,42,39,2023-10-16
LORETO,2023,43,35,2023-10-23
LORETO,2023,44,35,2023-10-30
LORETO,2023,45,77,2023-11-06
LORETO,2023,46,62,2023-11-13
LORETO,2023,47,51,2023-11-20
LORETO,2023,48,72,2023-11-27
LORETO,2023,49,55,2023-12-04
LORETO,2023,50,94,2023-12-11
LORETO,2023,51,65,2023-12-18
LORETO,2023,52,68,2023-12-25
PIURA,2018,1,12,2018-01-01
PIURA,2018,2,13,2018-01-08
PIURA,2018,3,17,2018-01-15
PIURA,2018,4,18,2018-01-22
PIURA,2018,5,19,2018-01-29
PIURA,2018,6,17,2018-02-05
PIURA,2018,7,21,2018-02-12
PIURA,2018,8,14,2018-02-19
PIURA,2018,9,14,2018-02-26
PIURA,2018,10,16,2018-03-05
PIURA,2018,11,10,2018-03-12
PIURA,2018,12,25,2018-03-19
PIURA,2018,13,11,2018-03-26
PIURA,2018,14,26,2018-04-02
PIURA,2018,15,56,2018-04-09
PIURA,2018,16,50,2018-04-16
PIURA,2018,17,46,2018-04-23
PIURA,2018,18,11,2018-04-30
PIURA,2018,19,12,2018-05-07
PIURA,2018,20,15,2018-05-14
PIURA,2018,21,25,2018-05-21
PIURA,2018,22,8,2018-05-28
PIURA,2018,23,11,2018-06-04
PIURA,2018,24,5,2018-06-11
PIURA,2018,25,3,2018-06-18
PIURA,2018,26,2,2018-06-25
PIURA,2018,27,7,2018-07-02
PIURA,2018,28,2,2018-07-09
PIURA,2018,29,2,2018-07-16
PIURA,2018,30,0,2018-07-23
PIURA,2018,31,1,2018-07-30
PIURA,2018,32,1,2018-08-06
PIURA,2018,33,1,2018-08-13
PIURA,2018,34,2,2018-08-20
PIURA,2018,35,1,2018-08-27
PIURA,2018,36,0,2018-09-03
PIURA,2018,37,2,2018-09-10
PIURA,2018,38,0,2018-09-17
PIURA,2018,39,1,2018-09-24
PIURA,2018,40,1,2018-10-01
PIURA,2018,41,1,2018-10-08
PIURA,2018,42,6,2018-10-15
PIURA,2018,43,2,2018-10-22
PIURA,2018,44,3,2018-10-29
PIURA,2018,45,1,2018-11-05
PIURA,2018,46,1,2018-11-12
PIURA,2018,47,1,2018-11-19
PIURA,2018,48,3,2018-11-26
PIURA,2018,49,1,2018-12-03
PIURA,2018,50,1,2018-12-10
PIURA,2018,51,4,2018-12-17
PIURA,2018,52,3,2018-12-24
PIURA,2019,1,0,2019-01-07
PIURA,2019,2,0,2019-01-14
PIURA,2019,3,0,2019-01-21
PIURA,2019,4,0,2019-01-28
PIURA,2019,5,1,2019-02-04
PIURA,2019,6,2,2019-02-11
PIURA,2019,7,0,2019-02-18
PIURA,2019,8,1,2019-02-25
PIURA,2019,9,0,2019-03-04
PIURA,2019,10,2,2019-03-11
PIURA,2019,11,2,2019-03-18
PIURA,2019,12,3,2019-03-25
PIURA,2019,13,3,2019-04-01
PIURA,2019,14,0,2019-04-08
PIURA,2019,15,3,2019-04-15
PIURA,2019,16,0,2019-04-22
PIURA,2019,17,3,2019-04-29
PIURA,2019,18,3,2019-05-06
PIURA,2019,19,0,2019-05-13
PIURA,2019,20,5,2019-05-20
PIURA,2019,21,5,2019-05-27
PIURA,2019,22,8,2019-06-03
PIURA,2019,23,4,2019-06-10
PIURA,2019,24,3,2019-06-17
PIURA,2019,25,2,2019-06-24
PIURA,2019,26,1,2019-07-01
PIURA,2019,27,4,2019-07-08
PIURA,2019,28,0,2019-07-15
PIURA,2019,29,0,2019-07-22
PIURA,2019,30,1,2019-07-29
PIURA,2019,31,0,2019-08-05
PIURA,2019,32,0,2019-08-12
PIURA,2019,33,1,2019-08-19
PIURA,2019,34,0,2019-08-26
PIURA,2019,35,0,2019-09-02
PIURA,2019,36,0,2019-09-09
PIURA,2019,37,4,2019-09-16
PIURA,2019,38,1,2019-09-23
PIURA,2019,39,1,2019-09-30
PIURA,2019,40,0,2019-10-07
PIURA,2019,41,0,2019-10-14
PIURA,2019,42,2,2019-10-21
PIURA,2019,43,0,2019-10-28
PIURA,2019,44,0,2019-11-04
PIURA,2019,45,0,2019-11-11
PIURA,2019,46,0,2019-11-18
PIURA,2019,47,1,2019-11-25
PIURA,2019,48,1,2019-12-02
PIURA,2019,49,1,2019-12-09
PIURA,2019,50,1,2019-12-16
PIURA,2019,51,0,2019-12-23
PIURA,2019,52,1,2019-12-30
PIURA,2020,1,0,2020-01-06
PIURA,2020,2,2,2020-01-13
PIURA,2020,3,2,2020-01-20
PIURA,2020,4,1,2020-01-27
PIURA,2020,5,2,2020-02-03
PIURA,2020,6,5,2020-02-10
PIURA,2020,7,5,2020-02-17
PIURA,2020,8,9,2020-02-24
PIURA,2020,9,8,2020-03-02
PIURA,2020,10,14,2020-03-09
PIURA,2020,11,7,2020-03-16
PIURA,2020,12,10,2020-03-23
PIURA,2020,13,4,2020-03-30
PIURA,2020,14,2,2020-04-06
PIURA,2020,15,5,2020-04-13
PIURA,2020,16,0,2020-04-20
PIURA,2020,17,1,2020-04-27
PIURA,2020,18,5,2020-05-04
PIURA,2020,19,4,2020-05-11
PIURA,2020,20,3,2020-05-18
PIURA,2020,21,4,2020-05-25
PIURA,2020,22,0,2020-06-01
PIURA,2020,23,3,2020-06-08
PIURA,2020,24,0,2020-06-15
PIURA,2020,25,0,2020-06-22
PIURA,2020,26,2,2020-06-29
PIURA,2020,27,3,2020-07-06
PIURA,2020,28,0,2020-07-13
PIURA,2020,29,0,2020-07-20
PIURA,2020,30,0,2020-07-27
PIURA,2020,31,1,2020-08-03
PIURA,2020,32,2,2020-08-10
PIURA,2020,33,3,2020-08-17
PIURA,2020,34,1,2020-08-24
PIURA,2020,35,0,2020-08-31
PIURA,2020,36,0,2020-09-07
PIURA,2020,37,0,2020-09-14
PIURA,2020,38,0,2020-09-21
PIURA,2020,39,1,2020-09-28
PIURA,2020,40,0,2020-10-05
PIURA,2020,41,3,2020-10-12
PIURA,2020,42,0,2020-10-19
PIURA,2020,43,2,2020-10-26
PIURA,2020,44,2,2020-11-02
PIURA,2020,45,0,2020-11-09
PIURA,2020,46,1,2020-11-16
PIURA,2020,47,1,2020-11-23
PIURA,2020,48,0,2020-11-30
PIURA,2020,49,3,2020-12-07
PIURA,2020,50,0,2020-12-14
PIURA,2020,51,3,2020-12-21
PIURA,2020,52,1,2020-12-28
PIURA,2021,1,6,2021-01-04
PIURA,2021,2,2,2021-01-11
PIURA,2021,3,2,2021-01-18
PIURA,2021,4,1,2021-01-25
PIURA,2021,5,4,2021-02-01
PIURA,2021,6,1,2021-02-08
PIURA,2021,7,13,2021-02-15
PIURA,2021,8,14,2021-02-22
PIURA,2021,9,19,2021-03-01
PIURA,2021,10,21,2021-03-08
PIURA,2021,11,72,2021-03-15
PIURA,2021,12,81,2021-03-22
PIURA,2021,13,55,2021-03-29
PIURA,2021,14,63,2021-04-05
PIURA,2021,15,54,2021-04-12
PIURA,2021,16,100,2021-04-19
PIURA,2021,17,133,2021-04-26
PIURA,2021,18,173,2021-05-03
PIURA,2021,19,209,2021-05-10
PIURA,2021,20,243,2021-05-17
PIURA,2021,21,181,2021-05-24
PIURA,2021,22,171,2021-05-31
PIURA,2021,23,207,2021-06-07
PIURA,2021,24,163,2021-06-14
PIURA,2021,25,153,2021-06-21
PIURA,2021,26,144,2021-06-28
PIURA,2021,27,99,2021-07-05
PIURA,2021,28,72,2021-07-12
PIURA,2021,29,74,2021-07-19
PIURA,2021,30,63,2021-07-26
PIURA,2021,31,102,2021-08-02
PIURA,2021,32,77,2021-08-09
PIURA,2021,33,111,2021-08-16
PIURA,2021,34,64,2021-08-23
PIURA,2021,35,57,2021-08-30
PIURA,2021,36,56,2021-09-06
PIURA,2021,37,52,2021-09-13
PIURA,2021,38,43,2021-09-20
PIURA,2021,39,61,2021-09-27
PIURA,2021,40,70,2021-10-04
PIURA,2021,41,83,2021-10-11
PIURA,2021,42,75,2021-10-18
PIURA,2021,43,64,2021-10-25
PIURA,2021,44,82,2021-11-01
PIURA,2021,45,55,2021-11-08
PIURA,2021,46,77,2021-11-15
PIURA,2021,47,67,2021-11-22
PIURA,2021,48,68,2021-11-29
PIURA,2021,49,48,2021-12-06
PIURA,2021,50,80,2021-12-13
PIURA,2021,51,40,2021-12-20
PIURA,2021,52,47,2021-12-27
PIURA,2022,1,93,2022-01-03
PIURA,2022,2,103,2022-01-10
PIURA,2022,3,64,2022-01-17
PIURA,2022,4,85,2022-01-24
PIURA,2022,5,157,2022-01-31
PIURA,2022,6,206,2022-02-07
PIURA,2022,7,358,2022-02-14
PIURA,2022,8,461,2022-02-21
PIURA,2022,9,467,2022-02-28
PIURA,2022,10,434,2022-03-07
PIURA,2022,11,496,2022-03-14
PIURA,2022,12,542,2022-03-21
PIURA,2022,13,582,2022-03-28
PIURA,2022,14,702,2022-04-04
PIURA,2022,15,821,2022-04-11
PIURA,2022,16,829,2022-04-18
PIURA,2022,17,794,2022-04-25
PIURA,2022,18,756,2022-05-02
PIURA,2022,19,789,2022-05-09
PIURA,2022,20,592,2022-05-16
PIURA,2022,21,491,2022-05-23
PIURA,2022,22,368,2022-05-30
PIURA,2022,23,339,2022-06-06
PIURA,2022,24,254,2022-06-13
PIURA,2022,25,201,2022-06-20
PIURA,2022,26,152,2022-06-27
PIURA,2022,27,106,2022-07-04
PIURA,2022,28,77,2022-07-11
PIURA,2022,29,58,2022-07-18
PIURA,2022,30,32,2022-07-25
PIURA,2022,31,38,2022-08-01
PIURA,2022,32,46,2022-08-08
PIURA,2022,33,58,2022-08-15
PIURA,2022,34,35,2022-08-22
PIURA,2022,35,39,2022-08-29
PIURA,2022,36,37,2022-09-05
PIURA,2022,37,27,2022-09-12
PIURA,2022,38,28,2022-09-19
PIURA,2022,39,20,2022-09-26
PIURA,2022,40,22,2022-10-03
PIURA,2022,41,34,2022-10-10
PIURA,2022,42,25,2022-10-17
PIURA,2022,43,18,2022-10-24
PIURA,2022,44,36,2022-10-31
PIURA,2022,45,24,2022-11-07
PIURA,2022,46,31,2022-11-14
PIURA,2022,47,32,2022-11-21
PIURA,2022,48,54,2022-11-28
PIURA,2022,49,34,2022-12-05
PIURA,2022,50,32,2022-12-12
PIURA,2022,51,41,2022-12-19
PIURA,2022,52,30,2022-12-26
PIURA,2023,1,170,2023-01-02
PIURA,2023,2,112,2023-01-09
PIURA,2023,3,175,2023-01-16
PIURA,2023,4,213,2023-01-23
PIURA,2023,5,240,2023-01-30
PIURA,2023,6,331,2023-02-06
PIURA,2023,7,353,2023-02-13
PIURA,2023,8,400,2023-02-20
PIURA,2023,9,486,2023-02-27
PIURA,2023,10,473,2023-03-06
PIURA,2023,11,790,2023-03-13
PIURA,2023,12,1250,2023-03-20
PIURA,2023,13,1431,2023-03-27
PIURA,2023,14,1360,2023-04-03
PIURA,2023,15,2000,2023-04-10
PIURA,2023,16,2118,2023-04-17
PIURA,2023,17,2203,2023-04-24
PIURA,2023,18,3667,2023-05-01
PIURA,2023,19,5053,2023-05-08
PIURA,2023,20,8151,2023-05-15
PIURA,2023,21,7346,2023-05-22
PIURA,2023,22,7504,2023-05-29
PIURA,2023,23,5856,2023-06-05
PIURA,2023,24,4923,2023-06-12
PIURA,2023,25,3810,2023-06-19
PIURA,2023,26,2713,2023-06-26
PIURA,2023,27,2275,2023-07-03
PIURA,2023,28,1929,2023-07-10
PIURA,2023,29,1772,2023-07-17
PIURA,2023,30,1367,2023-07-24
PIURA,2023,31,1160,2023-07-31
PIURA,2023,32,943,2023-08-07
PIURA,2023,33,881,2023-08-14
PIURA,2023,34,751,2023-08-21
PIURA,2023,35,595,2023-08-28
PIURA,2023,36,532,2023-09-04
PIURA,2023,37,421,2023-09-11
PIURA,2023,38,309,2023-09-18
PIURA,2023,39,271,2023-09-25
PIURA,2023,40,270,2023-10-02
PIURA,2023,41,223,2023-10-09
PIURA,2023,42,256,2023-10-16
PIURA,2023,43,244,2023-10-23
PIURA,2023,44,211,2023-10-30
PIURA,2023,45,233,2023-11-06
PIURA,2023,46,254,2023-11-13
PIURA,2023,47,283,2023-11-20
PIURA,2023,48,243,2023-11-27
PIURA,2023,49,231,2023-12-04
PIURA,2023,50,218,2023-12-11
PIURA,2023,51,141,2023-12-18
PIURA,2023,52,163,2023-12-25
SAN MARTIN,2018,1,1,2018-01-01
SAN MARTIN,2018,2,1,2018-01-08
SAN MARTIN,2018,3,1,2018-01-15
SAN MARTIN,2018,4,2,2018-01-22
SAN MARTIN,2018,5,1,2018-01-29
SAN MARTIN,2018,6,0,2018-02-05
SAN MARTIN,2018,7,3,2018-02-12
SAN MARTIN,2018,8,5,2018-02-19
SAN MARTIN,2018,9,9,2018-02-26
SAN MARTIN,2018,10,1,2018-03-05
SAN MARTIN,2018,11,2,2018-03-12
SAN MARTIN,2018,12,5,2018-03-19
SAN MARTIN,2018,13,4,2018-03-26
SAN MARTIN,2018,14,5,2018-04-02
SAN MARTIN,2018,15,3,2018-04-09
SAN MARTIN,2018,16,5,2018-04-16
SAN MARTIN,2018,17,5,2018-04-23
SAN MARTIN,2018,18,4,2018-04-30
SAN MARTIN,2018,19,2,2018-05-07
SAN MARTIN,2018,20,5,2018-05-14
SAN MARTIN,2018,21,1,2018-05-21
SAN MARTIN,2018,22,1,2018-05-28
SAN MARTIN,2018,23,0,2018-06-04
SAN MARTIN,2018,24,0,2018-06-11
SAN MARTIN,2018,25,2,2018-06-18
SAN MARTIN,2018,26,0,2018-06-25
SAN MARTIN,2018,27,1,2018-07-02
SAN MARTIN,2018,28,3,2018-07-09
SAN MARTIN,2018,29,4,2018-07-16
SAN MARTIN,2018,30,1,2018-07-23
SAN MARTIN,2018,31,0,2018-07-30
SAN MARTIN,2018,32,0,2018-08-06
SAN MARTIN,2018,33,1,2018-08-13
SAN MARTIN,2018,34,1,2018-08-20
SAN MARTIN,2018,35,0,2018-08-27
SAN MARTIN,2018,36,1,2018-09-03
SAN MARTIN,2018,37,2,2018-09-10
SAN MARTIN,2018,38,0,2018-09-17
SAN MARTIN,2018,39,0,2018-09-24
SAN MARTIN,2018,40,1,2018-10-01
SAN MARTIN,2018,41,0,2018-10-08
SAN MARTIN,2018,42,1,2018-10-15
SAN MARTIN,2018,43,0,2018-10-22
SAN MARTIN,2018,44,1,2018-10-29
SAN MARTIN,2018,45,0,2018-11-05
SAN MARTIN,2018,46,0,2018-11-12
SAN MARTIN,2018,47,5,2018-11-19
SAN MARTIN,2018,48,3,2018-11-26
SAN MARTIN,2018,49,2,2018-12-03
SAN MARTIN,2018,50,1,2018-12-10
SAN MARTIN,2018,51,0,2018-12-17
SAN MARTIN,2018,52,2,2018-12-24
SAN MARTIN,2019,1,2,2019-01-07
SAN MARTIN,2019,2,4,2019-01-14
SAN MARTIN,2019,3,6,2019-01-21
SAN MARTIN,2019,4,7,2019-01-28
SAN MARTIN,2019,5,11,2019-02-04
SAN MARTIN,2019,6,11,2019-02-11
SAN MARTIN,2019,7,19,2019-02-18
SAN MARTIN,2019,8,21,2019-02-25
SAN MARTIN,2019,9,10,2019-03-04
SAN MARTIN,2019,10,8,2019-03-11
SAN MARTIN,2019,11,12,2019-03-18
SAN MARTIN,2019,12,18,2019-03-25
SAN MARTIN,2019,13,21,2019-04-01
SAN MARTIN,2019,14,15,2019-04-08
SAN MARTIN,2019,15,14,2019-04-15
SAN MARTIN,2019,16,14,2019-04-22
SAN MARTIN,2019,17,7,2019-04-29
SAN MARTIN,2019,18,16,2019-05-06
SAN MARTIN,2019,19,24,2019-05-13
SAN MARTIN,2019,20,16,2019-05-20
SAN MARTIN,2019,21,28,2019-05-27
SAN MARTIN,2019,22,21,2019-06-03
SAN MARTIN,2019,23,20,2019-06-10
SAN MARTIN,2019,24,27,2019-06-17
SAN MARTIN,2019,25,13,2019-06-24
SAN MARTIN,2019,26,14,2019-07-01
SAN MARTIN,2019,27,25,2019-07-08
SAN MARTIN,2019,28,38,2019-07-15
SAN MARTIN,2019,29,17,2019-07-22
SAN MARTIN,2019,30,17,2019-07-29
SAN MARTIN,2019,31,20,2019-08-05
SAN MARTIN,2019,32,25,2019-08-12
SAN MARTIN,2019,33,28,2019-08-19
SAN MARTIN,2019,34,23,2019-08-26
SAN MARTIN,2019,35,11,2019-09-02
SAN MARTIN,2019,36,19,2019-09-09
SAN MARTIN,2019,37,18,2019-09-16
SAN MARTIN,2019,38,21,2019-09-23
SAN MARTIN,2019,39,26,2019-09-30
SAN MARTIN,2019,40,30,2019-10-07
SAN MARTIN,2019,41,35,2019-10-14
SAN MARTIN,2019,42,28,2019-10-21
SAN MARTIN,2019,43,42,2019-10-28
SAN MARTIN,2019,44,36,2019-11-04
SAN MARTIN,2019,45,54,2019-11-11
SAN MARTIN,2019,46,114,2019-11-18
SAN MARTIN,2019,47,180,2019-11-25
SAN MARTIN,2019,48,162,2019-12-02
SAN MARTIN,2019,49,221,2019-12-09
SAN MARTIN,2019,50,120,2019-12-16
SAN MARTIN,2019,51,156,2019-12-23
SAN MARTIN,2019,52,124,2019-12-30
SAN MARTIN,2020,1,96,2020-01-06
SAN MARTIN,2020,2,97,2020-01-13
SAN MARTIN,2020,3,95,2020-01-20
SAN MARTIN,2020,4,78,2020-01-27
SAN MARTIN,2020,5,126,2020-02-03
SAN MARTIN,2020,6,149,2020-02-10
SAN MARTIN,2020,7,208,2020-02-17
SAN MARTIN,2020,8,198,2020-02-24
SAN MARTIN,2020,9,272,2020-03-02
SAN MARTIN,2020,10,265,2020-03-09
SAN MARTIN,2020,11,193,2020-03-16
SAN MARTIN,2020,12,108,2020-03-23
SAN MARTIN,2020,13,67,2020-03-30
SAN MARTIN,2020,14,31,2020-04-06
SAN MARTIN,2020,15,30,2020-04-13
SAN MARTIN,2020,16,17,2020-04-20
SAN MARTIN,2020,17,11,2020-04-27
SAN MARTIN,2020,18,9,2020-05-04
SAN MARTIN,2020,19,6,2020-05-11
SAN MARTIN,2020,20,21,2020-05-18
SAN MARTIN,2020,21,9,2020-05-25
SAN MARTIN,2020,22,8,2020-06-01
SAN MARTIN,2020,23,6,2020-06-08
SAN MARTIN,2020,24,1,2020-06-15
SAN MARTIN,2020,25,4,2020-06-22
SAN MARTIN,2020,26,3,2020-06-29
SAN MARTIN,2020,27,0,2020-07-06
SAN MARTIN,2020,28,1,2020-07-13
SAN MARTIN,2020,29,2,2020-07-20
SAN MARTIN,2020,30,7,2020-07-27
SAN MARTIN,2020,31,2,2020-08-03
SAN MARTIN,2020,32,9,2020-08-10
SAN MARTIN,2020,33,2,2020-08-17
SAN MARTIN,2020,34,13,2020-08-24
SAN MARTIN,2020,35,8,2020-08-31
SAN MARTIN,2020,36,18,2020-09-07
SAN MARTIN,2020,37,13,2020-09-14
SAN MARTIN,2020,38,40,2020-09-21
SAN MARTIN,2020,39,34,2020-09-28
SAN MARTIN,2020,40,43,2020-10-05
SAN MARTIN,2020,41,55,2020-10-12
SAN MARTIN,2020,42,72,2020-10-19
SAN MARTIN,2020,43,109,2020-10-26
SAN MARTIN,2020,44,196,2020-11-02
SAN MARTIN,2020,45,229,2020-11-09
SAN MARTIN,2020,46,250,2020-11-16
SAN MARTIN,2020,47,308,2020-11-23
SAN MARTIN,2020,48,286,2020-11-30
SAN MARTIN,2020,49,263,2020-12-07
SAN MARTIN,2020,50,262,2020-12-14
SAN MARTIN,2020,51,260,2020-12-21
SAN MARTIN,2020,52,187,2020-12-28
SAN MARTIN,2021,1,226,2021-01-04
SAN MARTIN,2021,2,171,2021-01-11
SAN MARTIN,2021,3,168,2021-01-18
SAN MARTIN,2021,4,126,2021-01-25
SAN MARTIN,2021,5,176,2021-02-01
SAN MARTIN,2021,6,141,2021-02-08
SAN MARTIN,2021,7,110,2021-02-15
SAN MARTIN,2021,8,116,2021-02-22
SAN MARTIN,2021,9,106,2021-03-01
SAN MARTIN,2021,10,108,2021-03-08
SAN MARTIN,2021,11,64,2021-03-15
SAN MARTIN,2021,12,57,2021-03-22
SAN MARTIN,2021,13,55,2021-03-29
SAN MARTIN,2021,14,54,2021-04-05
SAN MARTIN,2021,15,43,2021-04-12
SAN MARTIN,2021,16,42,2021-04-19
SAN MARTIN,2021,17,44,2021-04-26
SAN MARTIN,2021,18,45,2021-05-03
SAN MARTIN,2021,19,37,2021-05-10
SAN MARTIN,2021,20,47,2021-05-17
SAN MARTIN,2021,21,42,2021-05-24
SAN MARTIN,2021,22,51,2021-05-31
SAN MARTIN,2021,23,60,2021-06-07
SAN MARTIN,2021,24,65,2021-06-14
SAN MARTIN,2021,25,31,2021-06-21
SAN MARTIN,2021,26,48,2021-06-28
SAN MARTIN,2021,27,47,2021-07-05
SAN MARTIN,2021,28,49,2021-07-12
SAN MARTIN,2021,29,39,2021-07-19
SAN MARTIN,2021,30,42,2021-07-26
SAN MARTIN,2021,31,44,2021-08-02
SAN MARTIN,2021,32,34,2021-08-09
SAN MARTIN,2021,33,37,2021-08-16
SAN MARTIN,2021,34,33,2021-08-23
SAN MARTIN,2021,35,57,2021-08-30
SAN MARTIN,2021,36,38,2021-09-06
SAN MARTIN,2021,37,45,2021-09-13
SAN MARTIN,2021,38,48,2021-09-20
SAN MARTIN,2021,39,58,2021-09-27
SAN MARTIN,2021,40,45,2021-10-04
SAN MARTIN,2021,41,77,2021-10-11
SAN MARTIN,2021,42,112,2021-10-18
SAN MARTIN,2021,43,150,2021-10-25
SAN MARTIN,2021,44,163,2021-11-01
SAN MARTIN,2021,45,175,2021-11-08
SAN MARTIN,2021,46,185,2021-11-15
SAN MARTIN,2021,47,163,2021-11-22
SAN MARTIN,2021,48,176,2021-11-29
SAN MARTIN,2021,49,153,2021-12-06
SAN MARTIN,2021,50,161,2021-12-13
SAN MARTIN,2021,51,103,2021-12-20
SAN MARTIN,2021,52,65,2021-12-27
SAN MARTIN,2022,1,71,2022-01-03
SAN MARTIN,2022,2,81,2022-01-10
SAN MARTIN,2022,3,75,2022-01-17
SAN MARTIN,2022,4,72,2022-01-24
SAN MARTIN,2022,5,104,2022-01-31
SAN MARTIN,2022,6,112,2022-02-07
SAN MARTIN,2022,7,113,2022-02-14
SAN MARTIN,2022,8,124,2022-02-21
SAN MARTIN,2022,9,105,2022-02-28
SAN MARTIN,2022,10,125,2022-03-07
SAN MARTIN,2022,11,100,2022-03-14
SAN MARTIN,2022,12,108,2022-03-21
SAN MARTIN,2022,13,112,2022-03-28
SAN MARTIN,2022,14,133,2022-04-04
SAN MARTIN,2022,15,101,2022-04-11
SAN MARTIN,2022,16,113,2022-04-18
SAN MARTIN,2022,17,112,2022-04-25
SAN MARTIN,2022,18,122,2022-05-02
SAN MARTIN,2022,19,115,2022-05-09
SAN MARTIN,2022,20,117,2022-05-16
SAN MARTIN,2022,21,67,2022-05-23
SAN MARTIN,2022,22,82,2022-05-30
SAN MARTIN,2022,23,80,2022-06-06
SAN MARTIN,2022,24,75,2022-06-13
SAN MARTIN,2022,25,65,2022-06-20
SAN MARTIN,2022,26,77,2022-06-27
SAN MARTIN,2022,27,76,2022-07-04
SAN MARTIN,2022,28,70,2022-07-11
SAN MARTIN,2022,29,66,2022-07-18
SAN MARTIN,2022,30,37,2022-07-25
SAN MARTIN,2022,31,42,2022-08-01
SAN MARTIN,2022,32,57,2022-08-08
SAN MARTIN,2022,33,68,2022-08-15
SAN MARTIN,2022,34,47,2022-08-22
SAN MARTIN,2022,35,48,2022-08-29
SAN MARTIN,2022,36,54,2022-09-05
SAN MARTIN,2022,37,46,2022-09-12
SAN MARTIN,2022,38,56,2022-09-19
SAN MARTIN,2022,39,60,2022-09-26
SAN MARTIN,2022,40,61,2022-10-03
SAN MARTIN,2022,41,46,2022-10-10
SAN MARTIN,2022,42,68,2022-10-17
SAN MARTIN,2022,43,77,2022-10-24
SAN MARTIN,2022,44,67,2022-10-31
SAN MARTIN,2022,45,97,2022-11-07
SAN MARTIN,2022,46,107,2022-11-14
SAN MARTIN,2022,47,106,2022-11-21
SAN MARTIN,2022,48,75,2022-11-28
SAN MARTIN,2022,49,62,2022-12-05
SAN MARTIN,2022,50,79,2022-12-12
SAN MARTIN,2022,51,69,2022-12-19
SAN MARTIN,2022,52,68,2022-12-26
SAN MARTIN,2023,1,154,2023-01-02
SAN MARTIN,2023,2,143,2023-01-09
SAN MARTIN,2023,3,159,2023-01-16
SAN MARTIN,2023,4,124,2023-01-23
SAN MARTIN,2023,5,147,2023-01-30
SAN MARTIN,2023,6,136,2023-02-06
SAN MARTIN,2023,7,147,2023-02-13
SAN MARTIN,2023,8,173,2023-02-20
SAN MARTIN,2023,9,176,2023-02-27
SAN MARTIN,2023,10,199,2023-03-06
SAN MARTIN,2023,11,174,2023-03-13
SAN MARTIN,2023,12,190,2023-03-20
SAN MARTIN,2023,13,149,2023-03-27
SAN MARTIN,2023,14,135,2023-04-03
SAN MARTIN,2023,15,148,2023-04-10
SAN MARTIN,2023,16,202,2023-04-17
SAN MARTIN,2023,17,153,2023-04-24
SAN MARTIN,2023,18,137,2023-05-01
SAN MARTIN,2023,19,124,2023-05-08
SAN MARTIN,2023,20,156,2023-05-15
SAN MARTIN,2023,21,145,2023-05-22
SAN MARTIN,2023,22,144,2023-05-29
SAN MARTIN,2023,23,147,2023-06-05
SAN MARTIN,2023,24,90,2023-06-12
SAN MARTIN,2023,25,91,2023-06-19
SAN MARTIN,2023,26,64,2023-06-26
SAN MARTIN,2023,27,87,2023-07-03
SAN MARTIN,2023,28,73,2023-07-10
SAN MARTIN,2023,29,68,2023-07-17
SAN MARTIN,2023,30,48,2023-07-24
SAN MARTIN,2023,31,72,2023-07-31
SAN MARTIN,2023,32,57,2023-08-07
SAN MARTIN,2023,33,42,2023-08-14
SAN MARTIN,2023,34,55,2023-08-21
SAN MARTIN,2023,35,49,2023-08-28
SAN MARTIN,2023,36,66,2023-09-04
SAN MARTIN,2023,37,60,2023-09-11
SAN MARTIN,2023,38,76,2023-09-18
SAN MARTIN,2023,39,57,2023-09-25
SAN MARTIN,2023,40,74,2023-10-02
SAN MARTIN,2023,41,121,2023-10-09
SAN MARTIN,2023,42,107,2023-10-16
SAN MARTIN,2023,43,137,2023-10-23
SAN MARTIN,2023,44,183,2023-10-30
SAN MARTIN,2023,45,181,2023-11-06
SAN MARTIN,2023,46,242,2023-11-13
SAN MARTIN,2023,47,229,2023-11-20
SAN MARTIN,2023,48,250,2023-11-27
SAN MARTIN,2023,49,227,2023-12-04
SAN MARTIN,2023,50,186,2023-12-11
SAN MARTIN,2023,51,175,2023-12-18
SAN MARTIN,2023,52,161,2023-12-25
